Amphi,Position,Latitude,Longitude,Accuracy_m,Altitude_m
1,1,36.688383,2.8666417,43.7,177.1
1,1,36.6883791,2.8666431,42.4,181.4
1,1,36.6883767,2.8666843,13.6,181.4
1,1,36.68837,2.8666849,11.2,181.3
1,1,36.688366,2.8666837,9.1,181.4
1,1,36.6883563,2.8667114,13.2,181.3
1,1,36.6883599,2.8667145,8.0,181.4
1,1,36.6883604,2.8667146,8.3,181.3
1,1,36.6883642,2.8667186,6.5,181.3
1,1,36.6883638,2.8667164,5.7,181.3
1,1,36.6883648,2.8667158,6.1,181.3
1,1,36.6883656,2.8667164,6.4,181.3
1,1,36.6883659,2.8667167,6.9,181.4
1,1,36.6883644,2.8667195,6.8,181.3
1,1,36.6883638,2.8667167,6.3,181.4
1,1,36.6883639,2.866721,6.8,181.3
1,1,36.6883642,2.86672,7.1,181.3
1,1,36.6883643,2.8667196,7.1,181.4
1,1,36.688362,2.8667137,7.3,181.3
1,1,36.6883619,2.8667135,8.1,182.8
1,1,36.6883674,2.8667053,10.4,181.4
1,1,36.6883657,2.8667056,9.8,175.2
1,1,36.688367,2.8667279,9.8,175.0
1,1,36.6883746,2.8667481,9.9,175.6
1,1,36.6883792,2.8667675,8.8,175.6
1,1,36.6883803,2.8667691,8.8,181.3
1,1,36.6883928,2.8667399,8.3,175.2
1,1,36.6883926,2.8667409,8.3,175.2
1,1,36.6883925,2.8667406,8.4,181.3
1,1,36.6883921,2.8667403,8.6,181.3
1,1,36.6883889,2.8667468,8.9,177.1
1,1,36.6883889,2.86675,9.2,181.3
1,1,36.6883856,2.8667462,8.7,181.3
1,1,36.6883856,2.8667421,8.7,177.4
1,1,36.6883832,2.8667417,8.4,181.4
1,1,36.6883804,2.8667457,8.0,181.3
1,1,36.6883769,2.8667396,8.1,181.4
1,1,36.6883727,2.8667326,8.4,181.4
1,1,36.6883672,2.8667228,7.9,181.3
1,1,36.6883663,2.8667212,8.1,181.4
1,1,36.6883658,2.8667204,8.6,181.4
1,1,36.6883647,2.8667146,82.5,177.1
1,2,36.688378,2.8667569,60.0,175.2
1,2,36.6883833,2.8668,31.0,175.2
1,2,36.6883872,2.8668061,29.6,181.4
1,2,36.6883854,2.8668044,30.3,181.3
1,2,36.6883651,2.8667405,22.6,181.4
1,2,36.6883601,2.866725,41.1,181.3
1,2,36.6864104,2.8642283,82.5,182.8
1,2,36.6883204,2.8667022,67.6,181.4
1,2,36.6883205,2.8667047,67.6,181.3
1,2,36.6883205,2.866709,67.6,181.4
1,2,36.6883293,2.8667125,52.4,181.4
1,2,36.6864101,2.8642232,104.1,182.8
1,2,36.6864083,2.8642237,122.4,182.8
1,2,36.6883881,2.8667864,35.4,175.2
1,2,36.6883393,2.8666699,31.9,181.3
1,2,36.6883388,2.8666695,31.9,181.3
1,2,36.6883379,2.8666727,32.6,181.3
1,2,36.6883413,2.8666701,35.0,181.3
1,2,36.6883829,2.8668281,48.9,181.3
1,2,36.688355,2.8667843,52.4,181.4
1,2,36.6883685,2.866755,32.0,181.3
1,2,36.6883718,2.8667613,32.7,181.3
1,2,36.6883691,2.8667383,19.8,181.4
1,2,36.688361,2.8667276,60.0,181.4
1,2,36.6883539,2.866719,77.6,181.3
1,2,36.6864112,2.864226,142.5,182.8
1,2,36.6883623,2.8665724,56.1,177.1
1,2,36.6883485,2.8666324,68.4,181.3
1,2,36.6883414,2.8666794,77.6,181.4
1,2,36.6883444,2.8666949,77.6,181.3
1,2,36.6883524,2.8666888,92.9,177.1
1,2,36.6883713,2.8667376,33.9,177.3
1,2,36.6883733,2.8667462,33.9,181.3
1,2,36.6883687,2.8667444,14.1,181.4
1,2,36.6883693,2.8667302,12.3,181.4
1,2,36.6883694,2.8667261,12.3,181.4
1,2,36.6883594,2.8667076,21.8,177.1
1,2,36.6883367,2.8666929,68.4,181.4
1,2,36.68838,2.8667739,43.3,181.4
1,2,36.6883735,2.8667668,98.4,181.4
1,2,36.6883459,2.8666895,105.9,181.4
1,2,36.6883356,2.8666908,77.6,181.4
1,2,36.6884144,2.8668484,64.1,174.9
1,2,36.6883654,2.8668722,30.4,181.3
1,2,36.6883658,2.8668753,33.7,181.4
1,3,36.688357,2.8667635,33.8,181.4
1,3,36.6883534,2.8667438,33.8,181.3
1,3,36.688355,2.8667369,72.9,181.4
1,3,36.688352,2.8666542,77.6,177.1
1,3,36.6883485,2.8666126,82.5,177.1
1,3,36.6883611,2.8666961,72.9,175.2
1,3,36.6883488,2.8666655,77.6,181.4
1,3,36.6883759,2.8667451,104.1,175.2
1,3,36.6883589,2.8667023,92.9,181.4
1,3,36.6883519,2.8666088,92.9,177.1
1,3,36.6883664,2.8666757,47.8,177.1
1,3,36.6883695,2.8666891,47.8,177.3
1,3,36.6883642,2.8666613,16.6,181.4
1,3,36.6883615,2.8666679,101.4,181.4
1,3,36.6883612,2.866673,316.8,181.4
1,3,36.6883577,2.8666828,135.6,181.4
1,3,36.6883354,2.8666867,72.9,181.4
1,3,36.6883458,2.8666869,72.9,181.3
1,3,36.6883473,2.8666869,338.6,181.3
1,3,36.6883416,2.8666921,92.9,181.4
1,3,36.6883647,2.8667508,82.5,174.9
1,3,36.688363,2.8666829,135.6,177.1
1,3,36.6883843,2.8666989,57.9,177.1
1,3,36.6883893,2.866702,58.1,177.1
1,3,36.6883456,2.8666502,116.1,177.1
1,3,36.6883474,2.8666179,122.4,181.3
1,3,36.6883622,2.8667016,49.8,177.1
1,3,36.6883622,2.8667015,49.8,177.1
1,3,36.6883622,2.8667047,49.7,177.1
1,3,36.6883605,2.8667171,50.8,181.3
1,3,36.6883657,2.8667094,16.4,177.3
1,3,36.6883678,2.8667133,15.8,177.3
1,3,36.6883686,2.8667144,15.9,181.3
1,3,36.6883703,2.8667123,13.1,181.3
1,3,36.6883702,2.8667122,13.2,181.3
1,3,36.6883749,2.8667112,98.4,181.4
1,3,36.6883766,2.8667077,87.6,181.4
1,3,36.6883741,2.8666994,98.4,181.4
1,3,36.6883587,2.8667147,82.5,181.4
1,3,36.688347,2.8667088,104.1,181.4
1,3,36.6883786,2.8667642,77.6,174.9
1,3,36.6883664,2.8667316,82.5,181.4
1,3,36.688346,2.8667107,301.3,181.4
1,3,36.6883391,2.8667022,94.3,181.4
1,3,36.6883355,2.8666976,103.7,181.4
1,3,36.6883342,2.8666955,113.0,181.4
1,3,36.6883355,2.8666935,92.9,181.4
1,3,36.6883366,2.866696,77.6,181.4
1,3,36.6883364,2.8666956,301.5,181.4
1,3,36.6883636,2.8667508,82.5,174.9
1,3,36.6883557,2.8667259,92.9,181.4
1,3,36.6883906,2.8668081,98.4,175.2
1,3,36.6883683,2.8667646,32.7,181.3
1,3,36.6883658,2.8667601,32.7,181.3
1,3,36.6883645,2.8667577,32.7,181.3
1,3,36.6883641,2.8667567,32.7,182.8
1,3,36.6883638,2.8667559,32.7,181.4
1,3,36.6883638,2.866756,32.9,181.4
1,3,36.6883639,2.8667561,32.9,181.4
1,3,36.6883639,2.8667562,32.9,181.4
1,3,36.6883638,2.8667566,32.9,181.4
1,3,36.688364,2.8667569,33.1,181.4
1,3,36.6883641,2.8667572,33.2,181.4
1,3,36.6883643,2.8667573,33.3,181.4
2,1,36.6883451,2.8665082,14.4,176.8
2,1,36.6883397,2.8665044,18.6,176.8
2,1,36.6883399,2.8665028,16.8,176.8
2,1,36.6883403,2.8665028,15.5,176.8
2,1,36.6883457,2.8665118,12.6,177.1
2,1,36.6883469,2.8665096,11.1,176.8
2,1,36.6883446,2.8665047,10.6,176.8
2,1,36.6883439,2.8665013,9.6,177.1
2,1,36.6883438,2.8664986,9.9,177.1
2,1,36.6883434,2.8664979,10.0,177.3
2,1,36.6883442,2.8664989,10.1,177.3
2,1,36.6883451,2.8665006,10.4,177.3
2,1,36.6883458,2.8665024,10.5,176.8
2,1,36.6883438,2.8665055,10.2,176.8
2,1,36.6883426,2.866504,9.7,177.3
2,1,36.688342,2.8665011,7.6,177.4
2,1,36.6883382,2.866494,6.7,177.4
2,1,36.688336,2.8664897,6.7,177.3
2,1,36.6883351,2.8664846,6.8,177.1
2,1,36.6883355,2.8664808,6.7,177.1
2,1,36.6883363,2.8664839,6.9,177.1
2,1,36.6883366,2.8664849,6.7,177.1
2,1,36.6883362,2.8664851,7.0,177.1
2,1,36.6883383,2.866489,5.8,176.8
2,1,36.6883389,2.8664896,6.1,177.4
2,1,36.688341,2.8664898,5.4,177.1
2,1,36.6883417,2.8664924,4.8,176.8
2,1,36.6883415,2.8664923,4.8,176.8
2,1,36.6883415,2.8664923,4.8,177.1
2,1,36.6883418,2.8664926,4.7,177.1
2,1,36.6883418,2.8664927,4.6,177.1
2,1,36.6883416,2.8664927,4.6,176.8
2,1,36.6883416,2.8664928,4.5,177.1
2,1,36.6883417,2.8664947,4.4,177.1
2,1,36.6883396,2.8664943,4.6,176.8
2,1,36.6883392,2.8664942,5.5,177.3
2,1,36.6883404,2.866491,6.3,177.1
2,1,36.6883422,2.866493,6.2,177.1
2,1,36.6883427,2.8664932,6.4,177.4
2,1,36.6883433,2.8664933,6.5,177.4
2,1,36.6883434,2.866493,6.5,177.4
2,1,36.6883437,2.8664927,6.6,177.1
2,1,36.6883433,2.8664926,6.4,177.1
2,1,36.6883395,2.8664948,5.6,177.1
2,1,36.6883428,2.866492,6.1,177.1
2,1,36.6883434,2.8664921,6.2,177.4
2,1,36.6883435,2.866496,5.5,177.4
2,1,36.6883437,2.866495,5.5,177.1
2,1,36.6883423,2.8664939,5.8,176.8
2,1,36.688342,2.8664936,6.0,176.8
2,1,36.6883423,2.8664933,6.1,177.4
2,1,36.6883439,2.8664954,5.2,177.1
2,1,36.6883431,2.8664954,5.1,177.1
2,1,36.6883436,2.8664966,5.2,176.8
2,1,36.688344,2.8664976,6.2,177.1
2,1,36.688344,2.8665009,6.0,176.8
2,1,36.688345,2.8665015,6.4,176.8
2,1,36.6883439,2.8665007,6.6,176.8
2,1,36.6883438,2.8665005,6.8,176.8
2,1,36.6883434,2.8664998,6.8,177.1
2,1,36.6883435,2.8664998,7.3,177.1
2,1,36.6883448,2.8664991,6.5,177.1
2,2,36.6883434,2.8664984,4.7,177.3
2,2,36.6883433,2.8664987,4.6,177.1
2,2,36.6883429,2.8664986,4.4,176.8
2,2,36.6883425,2.8664938,5.1,177.3
2,2,36.6883408,2.8664939,5.2,177.1
2,2,36.6883393,2.8664938,6.0,177.1
2,2,36.6883391,2.8664931,6.0,177.1
2,2,36.6883397,2.866494,5.8,177.4
2,2,36.688341,2.8664947,5.8,177.1
2,2,36.6883414,2.8664945,5.8,176.8
2,2,36.6883416,2.8664936,5.9,177.3
2,2,36.6883426,2.8664953,5.8,176.8
2,2,36.6883424,2.8664946,5.8,176.8
2,2,36.6883426,2.8664947,5.2,176.8
2,2,36.6883428,2.8664952,5.2,176.8
2,2,36.6883431,2.8664948,5.4,177.3
2,2,36.6883436,2.8664948,4.8,177.4
2,2,36.6883432,2.8664949,4.4,177.1
2,2,36.6883432,2.8664967,4.3,177.1
2,2,36.6883431,2.8664966,4.2,176.8
2,2,36.6883433,2.8664965,4.2,177.4
2,2,36.6883433,2.8664958,4.0,177.1
2,2,36.6883429,2.8664959,3.9,177.1
2,2,36.6883428,2.8664958,3.9,177.1
2,2,36.6883427,2.866496,3.9,177.4
2,2,36.6883426,2.8664961,4.0,177.1
2,2,36.6883428,2.8664965,4.0,177.1
2,2,36.6883432,2.8664976,4.0,176.8
2,2,36.6883432,2.8664979,4.1,177.1
2,2,36.6883433,2.8664975,4.1,176.8
2,2,36.6883433,2.8664976,4.2,176.8
2,2,36.6883433,2.8664975,4.2,177.3
2,2,36.6883438,2.8664976,4.3,177.3
2,2,36.6883437,2.8664977,4.1,177.3
2,2,36.688344,2.8664986,4.0,177.3
2,2,36.6883431,2.8664984,4.1,177.3
2,2,36.6883431,2.8664982,4.6,177.3
2,2,36.688338,2.8664986,6.4,177.1
2,2,36.6883413,2.8665002,6.4,176.8
2,2,36.6883402,2.8665003,6.9,177.3
2,2,36.6883409,2.8664977,6.7,177.3
2,2,36.6883407,2.8664973,6.5,177.4
2,2,36.6883406,2.8664966,6.4,177.4
2,2,36.6883405,2.8664967,6.4,177.4
2,2,36.6883401,2.8664955,6.2,177.4
2,2,36.6883399,2.8664947,5.9,177.4
2,2,36.6883398,2.8664947,5.9,176.8
2,2,36.688339,2.8664935,5.7,176.8
2,2,36.6883389,2.8664931,5.6,176.8
2,2,36.6883389,2.866493,5.7,176.8
2,2,36.6883389,2.8664929,6.0,176.8
2,2,36.6883391,2.8664926,5.2,176.8
2,3,36.6883398,2.8664929,4.7,177.1
2,3,36.6883392,2.8664925,4.9,176.8
2,3,36.6883383,2.8664909,6.4,177.4
2,3,36.6883385,2.8664903,6.4,177.4
2,3,36.6883379,2.8664887,6.4,177.1
2,3,36.6883356,2.8664855,6.4,177.1
2,3,36.6883371,2.8664836,6.6,177.3
2,3,36.6883386,2.8664824,6.7,176.8
2,3,36.6883412,2.8664849,6.7,177.3
2,3,36.6883428,2.8664857,6.5,177.3
2,3,36.688343,2.8664856,6.6,177.1
2,3,36.6883445,2.8664869,6.5,177.1
2,3,36.6883449,2.8664859,6.4,177.1
2,3,36.688345,2.8664856,6.5,177.3
2,3,36.6883459,2.8664885,6.1,177.1
2,3,36.6883454,2.8664901,5.4,177.1
2,3,36.6883454,2.8664903,5.2,177.1
2,3,36.6883456,2.8664904,5.1,177.1
2,3,36.6883459,2.8664899,5.2,177.1
2,3,36.6883458,2.8664855,6.1,176.8
2,3,36.6883444,2.8664911,6.2,177.1
2,3,36.6883442,2.8664947,6.5,177.1
2,3,36.6883431,2.8664974,7.0,177.3
2,3,36.6883425,2.8664986,6.6,176.8
2,3,36.6883418,2.8664992,6.8,177.1
2,3,36.6883412,2.8664992,7.1,176.8
2,3,36.6883407,2.8664998,7.8,177.1
2,3,36.6883411,2.8665001,6.6,177.1
2,3,36.6883421,2.8664998,6.2,177.1
2,3,36.688342,2.8664989,5.3,176.8
2,3,36.688342,2.8664987,5.3,176.8
2,3,36.6883415,2.866499,5.2,177.1
2,3,36.6883416,2.8664995,5.1,177.1
2,3,36.6883425,2.8665012,5.2,177.1
2,3,36.6883374,2.8665047,5.5,176.8
2,3,36.6883365,2.8665054,5.4,176.8
2,3,36.6883364,2.8665049,5.4,177.4
2,3,36.6883363,2.8665046,5.4,177.4
2,3,36.6883361,2.8665047,5.3,177.1
2,3,36.6883415,2.8664993,5.4,177.1
2,3,36.6883471,2.8664987,14.7,177.3
2,3,36.6883498,2.866495,25.6,177.1
2,3,36.688348,2.8664916,17.7,177.1
2,3,36.6883475,2.8664917,15.2,177.1
2,3,36.6883472,2.8664918,10.2,177.4
2,3,36.6883467,2.8664919,9.7,177.3
2,3,36.6883471,2.8664921,9.3,177.3
2,3,36.6883474,2.866493,9.3,177.3
2,3,36.6883473,2.8664958,9.2,177.3
2,3,36.6883468,2.8664975,8.9,177.1
2,3,36.6883515,2.8664964,8.4,176.8
2,3,36.6883521,2.8664955,8.4,176.8
2,3,36.6883521,2.8664944,8.5,176.8
2,3,36.6883521,2.8664939,8.5,177.1
2,3,36.6883554,2.8664937,8.8,176.8
2,3,36.688352,2.8664922,8.0,176.8
2,3,36.6883496,2.8664926,7.9,176.8
2,3,36.6883477,2.8664944,7.8,177.1
2,3,36.6883478,2.8664955,8.5,177.1
2,3,36.6883478,2.8664979,8.4,177.1
2,3,36.6883461,2.8664977,7.9,177.1
2,3,36.6883458,2.8664981,7.9,177.1
2,3,36.688345,2.8664979,7.8,177.4
2,3,36.6883435,2.8664961,7.0,177.1
2,3,36.6883433,2.8664969,6.6,177.1
2,3,36.6883433,2.8664967,6.3,177.1
2,3,36.6883433,2.8664966,6.2,177.1
2,3,36.6883418,2.8664959,5.9,176.8
2,3,36.6883415,2.8664956,5.9,176.8
2,3,36.6883414,2.8664952,6.3,177.1
3,1,36.6883368,2.8662018,30.9,181.2
3,1,36.6883379,2.8662072,31.3,181.2
3,1,36.6883431,2.866208,31.0,181.2
3,1,36.6883464,2.8662088,30.7,175.6
3,1,36.6883601,2.866093,27.1,175.6
3,1,36.688369,2.8660125,20.8,181.3
3,1,36.6883562,2.8660462,19.2,181.3
3,1,36.6883502,2.8660604,18.0,176.4
3,1,36.6883496,2.8660825,17.5,181.2
3,1,36.6883434,2.8661462,10.0,181.2
3,1,36.688343,2.8661589,10.0,181.3
3,1,36.6883422,2.8661602,9.9,181.3
3,1,36.68834,2.8661626,9.8,181.2
3,1,36.6883392,2.8661635,9.8,181.2
3,1,36.6883388,2.866162,9.8,181.2
3,1,36.6883402,2.8661597,9.8,176.7
3,1,36.6883401,2.8661617,9.6,177.1
3,1,36.688333,2.8661675,9.4,177.1
3,1,36.6883294,2.8661705,9.2,177.1
3,1,36.688329,2.8661708,9.2,176.8
3,1,36.6883314,2.8661859,9.0,175.6
3,1,36.6883285,2.8661876,9.3,181.2
3,1,36.6883244,2.8661942,9.0,181.2
3,1,36.6883243,2.8662055,9.2,177.1
3,1,36.6883267,2.8662251,9.3,178.2
3,1,36.6883313,2.8662276,9.0,177.1
3,1,36.6883335,2.8662264,9.1,177.4
3,1,36.6883347,2.8662238,9.4,181.2
3,1,36.6883349,2.8662199,8.4,181.2
3,1,36.6883394,2.8662101,8.0,181.2
3,1,36.6883395,2.8662103,7.8,181.2
3,1,36.6883397,2.8662079,7.6,181.2
3,1,36.6883397,2.8662082,7.7,177.1
3,1,36.6883371,2.8662189,7.2,177.1
3,1,36.6883394,2.8662379,7.2,177.1
3,1,36.688339,2.8662391,7.3,181.3
3,1,36.6883378,2.8662368,7.8,181.2
3,1,36.688337,2.8662315,8.5,177.1
3,1,36.6883363,2.8662304,9.3,177.1
3,1,36.6883337,2.8662428,9.9,181.3
3,1,36.6883287,2.8662371,21.6,181.3
3,1,36.6883298,2.8662367,36.6,181.3
3,1,36.6883217,2.8662227,12.4,181.3
3,1,36.6883183,2.8662198,9.4,176.5
3,1,36.6883095,2.8661927,14.7,176.5
3,1,36.6883067,2.866184,24.7,181.3
3,1,36.6883175,2.8662071,30.4,181.2
3,1,36.6883149,2.8662047,18.5,181.3
3,1,36.6883119,2.8662118,17.9,181.3
3,1,36.6883168,2.8662249,15.6,181.3
3,1,36.6883194,2.8662205,11.5,181.3
3,1,36.6883192,2.8662231,10.3,181.3
3,1,36.6883159,2.8662378,21.1,181.3
3,1,36.6883115,2.8662436,36.4,181.2
3,1,36.6883116,2.866242,24.8,181.2
3,1,36.6883117,2.8662426,13.2,181.2
3,1,36.6883143,2.8662355,10.6,181.3
3,1,36.6883153,2.8662419,9.1,181.2
3,1,36.6883157,2.8662403,8.2,181.3
3,1,36.6883151,2.8662458,72.9,181.3
3,3,36.6883283,2.8663883,35.0,177.4
3,2,36.6883262,2.8663921,14.0,177.1
3,2,36.6883255,2.866384,68.4,181.3
3,2,36.6883261,2.866382,292.3,181.3
3,2,36.6883179,2.8663178,77.6,181.3
3,2,36.6883687,2.8661933,40.5,181.3
3,2,36.6883409,2.8661871,16.7,181.3
3,2,36.6883342,2.8661982,45.6,181.3
3,2,36.6883286,2.8662037,60.0,181.3
3,2,36.6883163,2.8662145,56.1,181.3
3,2,36.6883232,2.8662177,31.0,181.2
3,2,36.6883237,2.8662198,31.1,181.2
3,2,36.6883196,2.8662246,52.4,181.3
3,2,36.6883085,2.8662106,29.1,181.3
3,2,36.688307,2.866206,29.1,181.2
3,2,36.6883167,2.8662233,13.0,181.3
3,2,36.6883173,2.8662243,13.2,181.3
3,2,36.6883178,2.8662251,13.4,176.5
3,2,36.6883117,2.866205,9.8,181.3
3,2,36.6883104,2.8662035,10.3,178.2
3,2,36.6883101,2.8662143,9.3,176.8
3,2,36.6883106,2.8662157,9.8,181.2
3,2,36.6883138,2.8662219,8.4,181.2
3,2,36.6883143,2.8662228,8.7,181.2
3,2,36.6883113,2.8662591,15.9,181.3
3,2,36.6883088,2.866294,38.4,177.1
3,2,36.6883075,2.866308,38.5,177.1
3,2,36.6883073,2.866308,38.6,177.3
3,2,36.6883179,2.8663556,25.7,177.1
3,2,36.6883211,2.8663669,25.7,178.2
3,2,36.6883211,2.8663404,14.3,181.2
3,2,36.6883187,2.8663174,9.9,177.1
3,2,36.6883199,2.8663249,14.3,177.1
3,2,36.6883278,2.8663356,35.1,177.1
3,2,36.688342,2.8664738,21.8,177.1
3,2,36.6883409,2.8665253,37.3,177.1
3,2,36.6883383,2.8664818,15.8,181.3
3,2,36.6883318,2.8663973,29.9,177.3
3,2,36.6883322,2.8663984,30.0,177.3
3,2,36.6883216,2.8663171,60.0,181.3
3,2,36.6883117,2.8662481,64.1,181.3
3,2,36.6883062,2.866208,288.1,181.3
3,2,36.6883078,2.866237,33.6,181.3
3,2,36.6883074,2.8662375,33.6,181.3
3,2,36.6883101,2.86622,22.5,176.5
3,2,36.6883066,2.8662094,39.3,176.5
3,2,36.6880358,2.8663757,100.0,176.5
3,2,36.6882714,2.8662493,24.3,178.0
3,2,36.6883169,2.8662245,41.2,176.5
3,3,36.6883317,2.8662157,41.3,177.1
3,3,36.6883286,2.8662174,41.5,177.1
3,3,36.6883313,2.8662159,41.6,177.1
3,3,36.6883424,2.8663102,77.6,177.1
3,3,36.6883144,2.8661653,27.7,176.5
3,3,36.6883116,2.8661538,27.5,177.1
3,3,36.6883111,2.8661543,27.6,181.3
3,3,36.6883101,2.8662183,22.9,181.2
3,3,36.6883125,2.8662415,39.2,177.1
3,3,36.6883271,2.8663525,21.2,181.3
3,3,36.6883274,2.8663169,20.5,181.2
3,3,36.6883218,2.8663166,36.6,181.3
3,3,36.6883229,2.8663237,21.8,178.2
3,3,36.6883205,2.8663291,37.1,176.8
3,3,36.6883214,2.8663304,92.9,181.3
3,3,36.6883252,2.866278,100.4,181.3
3,3,36.688344,2.8664724,87.6,177.1
3,3,36.6883431,2.8665054,29.7,177.3
3,3,36.6883442,2.8665149,29.9,177.3
3,3,36.6883452,2.8665125,31.6,181.3
3,3,36.6883486,2.8665082,31.8,181.3
3,3,36.688346,2.8664984,77.6,181.3
3,3,36.6883124,2.8662985,47.2,176.5
3,3,36.6882934,2.8662434,51.4,181.3
3,3,36.6883019,2.866202,22.1,181.2
3,3,36.6882987,2.8662013,38.5,176.5
3,3,36.6883059,2.8661801,16.0,178.0
3,3,36.6883091,2.8661883,12.1,181.3
3,3,36.6883091,2.866194,287.9,181.3
3,3,36.6883092,2.8662003,92.9,181.2
3,3,36.6883119,2.8662298,82.5,177.1
3,3,36.6883089,2.8662287,56.1,181.3
3,3,36.6882998,2.8661858,72.9,176.5
3,3,36.6883092,2.8662612,82.5,177.1
3,3,36.6883249,2.8663813,82.5,177.1
3,3,36.6883205,2.86628,32.4,181.2
3,3,36.6883144,2.8662882,32.9,177.4
3,3,36.6883143,2.8662953,33.0,177.3
3,3,36.6883107,2.8663079,19.2,177.4
3,3,36.6883068,2.8663073,15.5,181.2
3,3,36.6883096,2.8662859,11.0,177.4
3,3,36.6883098,2.8662898,11.5,177.4
3,3,36.6883123,2.8663107,23.0,177.3
3,3,36.6883096,2.8663187,39.0,177.3
3,3,36.6880605,2.8664618,100.0,177.3
3,3,36.6880991,2.8663841,77.6,181.2
3,3,36.6880592,2.8663832,343.0,181.2
3,3,36.6873732,2.8668151,100.0,181.2
3,3,36.686736,2.8664822,100.0,181.2
3,3,36.6874783,2.8663649,87.6,181.3
3,3,36.6878751,2.8663689,92.9,177.1
3,3,36.6882033,2.8664271,82.5,177.1
3,3,36.6883518,2.8664613,82.5,177.1
3,3,36.6885151,2.8664721,347.1,177.1
3,3,36.6884495,2.8662684,82.5,181.3
3,3,36.6872923,2.865241,60.7,181.3
3,3,36.6868303,2.8648505,60.8,181.3
3,3,36.6867136,2.8647763,21.6,181.3
3,3,36.6866459,2.864716,35.6,181.3
3,3,36.6865424,2.8650986,100.0,181.3
3,3,36.6872361,2.8657005,87.6,181.3
3,3,36.6874351,2.8659481,311.4,181.3
3,3,36.6871685,2.8667611,100.0,181.3
3,3,36.687013,2.8667414,100.0,181.3
3,3,36.6869096,2.8666864,100.0,181.3
3,3,36.6868409,2.8666103,100.0,181.3
4,1,36.6882604,2.8661008,14.4,176.4
4,1,36.6882773,2.8661268,13.6,176.4
4,1,36.6882831,2.866124,13.4,176.4
4,1,36.6883392,2.8660736,15.9,176.5
4,1,36.6883493,2.866073,27.3,176.4
4,1,36.6883145,2.8660801,12.8,176.4
4,1,36.688306,2.8660923,11.6,176.4
4,1,36.6883059,2.8660927,10.3,176.4
4,1,36.6883013,2.8661051,8.7,176.4
4,1,36.6882986,2.8661081,7.9,176.5
4,1,36.6882916,2.8661131,7.7,176.4
4,1,36.6882916,2.8661136,8.0,176.4
4,1,36.6882917,2.8661141,8.6,176.4
4,1,36.6882914,2.8661102,9.6,176.4
4,1,36.6882891,2.8661108,9.4,176.5
4,1,36.6882891,2.8661106,8.5,176.5
4,1,36.6882839,2.8661104,8.2,176.5
4,1,36.688279,2.8661011,8.1,176.4
4,1,36.6882748,2.8660997,8.1,176.4
4,1,36.6882757,2.8661033,7.7,176.5
4,1,36.6882837,2.8660981,7.4,176.5
4,1,36.6882844,2.8660972,7.5,176.4
4,1,36.6882847,2.8661021,7.2,176.5
4,1,36.6882843,2.8660965,6.0,176.5
4,1,36.6882827,2.8661,5.6,176.5
4,1,36.6882827,2.8661002,5.6,176.5
4,1,36.6882871,2.8660971,5.4,176.5
4,1,36.6882876,2.8660968,5.2,176.5
4,1,36.6882877,2.8660967,5.2,176.4
4,1,36.6882885,2.8661007,5.1,176.4
4,1,36.688289,2.8661038,4.8,176.4
4,1,36.6882884,2.8661068,4.5,176.4
4,1,36.6882859,2.8661068,4.5,176.4
4,1,36.6882847,2.8661074,4.5,176.7
4,1,36.6882825,2.8661086,4.4,176.4
4,1,36.6882821,2.8661085,4.5,176.7
4,1,36.688282,2.8661106,4.3,176.4
4,1,36.6882815,2.8661109,4.3,176.4
4,1,36.6882805,2.8661158,5.2,176.4
4,1,36.6882808,2.8661165,5.0,176.4
4,1,36.6882809,2.8661165,4.9,176.7
4,1,36.6882799,2.8661173,4.8,176.7
4,1,36.6882794,2.8661174,5.0,176.7
4,1,36.6882785,2.8661181,5.3,176.7
4,1,36.6882814,2.8661188,5.5,176.5
4,1,36.6882785,2.8661187,5.7,176.7
4,1,36.688278,2.8661191,5.7,176.4
4,1,36.6882762,2.8661198,5.5,176.5
4,2,36.6882769,2.8661218,5.0,176.7
4,2,36.6882765,2.8661244,5.2,176.7
4,2,36.6882775,2.8661274,5.7,176.5
4,2,36.6882793,2.8661236,5.7,176.7
4,2,36.6882797,2.866122,6.0,176.7
4,2,36.6882806,2.8661203,6.3,176.7
4,2,36.6882775,2.8661164,6.1,176.5
4,2,36.6882776,2.8661154,7.3,176.4
4,2,36.6882816,2.8661178,7.3,176.4
4,2,36.6882814,2.8661181,7.4,176.4
4,2,36.688274,2.8661179,6.4,176.4
4,2,36.6882737,2.8661178,6.4,176.4
4,2,36.6882697,2.8661165,5.8,176.4
4,2,36.6882698,2.8661166,5.7,176.7
4,2,36.6882698,2.8661158,6.0,176.4
4,2,36.6882697,2.8661147,6.9,176.4
4,2,36.6882676,2.8661151,6.7,176.4
4,2,36.688267,2.8661154,6.4,176.4
4,2,36.6882675,2.8661171,6.1,176.5
4,2,36.6882699,2.8661187,6.4,176.4
4,2,36.6882707,2.8661183,6.7,176.5
4,2,36.688276,2.8661182,7.0,176.4
4,2,36.6882713,2.8661156,6.9,176.5
4,2,36.6882659,2.866115,6.4,176.4
4,2,36.6882656,2.8661151,6.4,176.4
4,2,36.6882667,2.8661155,6.3,176.4
4,2,36.6882682,2.8661172,6.1,176.4
4,2,36.6882732,2.8661184,6.3,176.5
4,2,36.6882731,2.866118,6.3,176.5
4,2,36.6882734,2.8661171,6.4,176.5
4,2,36.6882731,2.8661161,6.5,176.5
4,2,36.688274,2.8661151,6.5,176.5
4,2,36.6882748,2.866114,6.8,176.4
4,2,36.6882773,2.8661176,6.9,176.4
4,2,36.6882782,2.8661181,6.9,176.4
4,2,36.6882787,2.8661178,6.8,176.4
4,2,36.6882782,2.8661173,6.7,176.7
4,2,36.6882776,2.8661169,6.7,176.7
4,2,36.6882763,2.8661173,6.8,176.4
4,2,36.6882718,2.8661141,7.3,176.4
4,2,36.6882667,2.866114,7.1,176.4
4,2,36.6882655,2.866113,7.3,176.4
4,2,36.6882656,2.8661155,6.9,176.4
4,2,36.688265,2.8661146,6.9,176.5
4,2,36.6882675,2.8661163,6.7,176.5
4,3,36.6882672,2.8661182,6.8,176.5
4,3,36.6882704,2.8661216,7.2,176.7
4,3,36.6882722,2.8661219,7.3,176.5
4,3,36.6882757,2.8661194,7.2,176.4
4,3,36.6882716,2.8661146,7.1,176.4
4,3,36.688269,2.8661132,7.8,176.4
4,3,36.6882667,2.866113,7.8,176.4
4,3,36.6882661,2.8661129,8.2,176.4
4,3,36.688266,2.8661124,8.3,176.4
4,3,36.6882659,2.8661126,8.7,176.5
4,3,36.6882659,2.8661131,7.4,176.4
4,3,36.688266,2.8661128,5.9,176.4
4,3,36.688267,2.8661132,5.8,176.4
4,3,36.6882675,2.8661131,5.6,176.5
4,3,36.6882673,2.8661129,5.5,176.5
4,3,36.6882672,2.8661127,5.5,176.5
4,3,36.688268,2.8661114,5.3,176.7
4,3,36.6882699,2.8661109,5.6,176.7
4,3,36.6882701,2.8661105,5.7,176.7
4,3,36.6882694,2.8661099,6.0,176.7
4,3,36.6882756,2.8661097,6.0,176.7
4,3,36.6882779,2.8661092,6.2,176.7
4,3,36.6882776,2.8661082,6.3,176.7
4,3,36.6882768,2.866107,6.5,176.7
4,3,36.6882753,2.8661073,6.7,176.4
4,3,36.6882754,2.8661092,6.9,176.4
4,3,36.6882762,2.8661095,7.0,176.4
4,3,36.688278,2.8661116,7.5,176.5
4,3,36.688281,2.8661115,7.6,176.5
4,3,36.6882826,2.866111,7.7,176.5
4,3,36.6882834,2.8661115,7.7,176.5
4,3,36.6882834,2.8661109,7.7,176.5
4,3,36.6882838,2.8661104,7.7,176.5
4,3,36.6882823,2.8661107,7.8,176.4
4,3,36.6882831,2.8661117,7.9,176.4
4,3,36.6882845,2.866112,7.7,176.4
4,3,36.6882844,2.8661119,7.8,176.4
4,3,36.6882845,2.8661147,7.9,176.4
4,3,36.6882841,2.8661155,7.7,176.7
4,3,36.6882841,2.8661151,7.8,176.7
4,3,36.688284,2.8661141,7.9,176.7
4,3,36.688283,2.8661138,8.1,176.7
4,3,36.6882818,2.8661099,8.8,176.7
4,3,36.688277,2.8661096,8.6,176.4
4,3,36.6882759,2.866109,8.5,176.4
4,3,36.6882759,2.8661096,8.5,176.5
4,3,36.688279,2.8661072,8.3,176.5
4,3,36.6882795,2.8661059,8.2,176.5
4,3,36.6882809,2.8661057,8.6,176.5
4,3,36.6882822,2.8661051,8.9,176.5
4,3,36.6882823,2.8661043,8.5,176.5
4,3,36.688281,2.8661029,8.7,176.5
4,3,36.6882786,2.8661058,8.6,176.5
4,3,36.6882796,2.8661055,8.4,176.5
4,3,36.6882811,2.8661068,8.4,176.7
4,3,36.6882814,2.8661064,8.4,176.7
4,3,36.6882839,2.8661053,8.0,176.5
4,3,36.6882852,2.8661078,7.9,176.5
4,3,36.6882858,2.8661088,8.0,176.5
4,3,36.6882854,2.8661113,7.8,176.4
4,3,36.6882866,2.8661134,7.7,176.4
4,3,36.6882867,2.8661161,7.5,176.4
4,3,36.6882866,2.866117,7.5,176.4
4,3,36.6882852,2.8661195,7.3,176.4
4,3,36.6882851,2.8661244,6.8,176.4
4,3,36.6882845,2.8661249,6.7,176.7
4,3,36.6882835,2.8661252,6.7,176.7
4,3,36.688283,2.8661253,6.7,176.7
4,3,36.6882829,2.8661253,6.7,176.7
4,3,36.6882825,2.8661266,6.9,176.7
4,3,36.6882845,2.8661269,7.0,176.7
4,3,36.6882857,2.8661269,7.0,176.7
4,3,36.6882854,2.8661276,7.1,176.7
4,3,36.6882858,2.8661298,7.3,176.7
4,3,36.6882837,2.8661313,7.4,176.7
4,3,36.6882828,2.8661326,7.3,176.7
4,3,36.688282,2.8661327,7.2,176.7
4,3,36.6882799,2.8661317,7.3,176.7
4,3,36.6882781,2.8661317,7.5,176.7
5,1,36.6883335,2.8667056,14.5,181.5
5,1,36.6883301,2.8667116,23.8,181.5
5,1,36.6883264,2.8667143,12.9,181.5
5,1,36.6883358,2.8667053,9.0,181.5
5,1,36.6883385,2.8667013,7.3,181.5
5,1,36.6883365,2.8667045,6.3,181.5
5,1,36.6883357,2.8667056,6.0,181.5
5,1,36.6883373,2.8667028,5.6,181.5
5,1,36.6883373,2.8667027,5.6,181.6
5,1,36.688338,2.8667001,5.3,181.5
5,1,36.6883401,2.8666982,5.0,181.5
5,1,36.6883414,2.8666951,5.2,181.5
5,1,36.6883416,2.8666948,5.4,181.6
5,1,36.6883405,2.8666968,5.2,181.6
5,1,36.6883387,2.8666998,4.6,181.5
5,1,36.6883387,2.8666999,4.6,181.5
5,1,36.6883406,2.8666978,4.5,181.5
5,1,36.6883408,2.8666977,4.3,181.5
5,1,36.688342,2.8666955,4.0,181.5
5,1,36.688342,2.8666956,4.1,181.6
5,1,36.6883403,2.8666983,3.9,181.6
5,1,36.6883392,2.8667002,3.8,181.5
5,1,36.6883392,2.8666997,3.7,181.5
5,1,36.6883389,2.866699,3.7,181.5
5,1,36.68834,2.8666977,3.6,181.5
5,1,36.6883398,2.8666974,3.6,181.5
5,1,36.6883406,2.8666965,3.5,181.5
5,1,36.6883417,2.8666934,3.4,181.5
5,1,36.6883428,2.8666923,3.4,181.5
5,1,36.6883434,2.8666916,3.3,181.5
5,1,36.6883441,2.866691,3.2,181.5
5,1,36.6883429,2.8666925,3.1,181.5
5,1,36.6883436,2.8666916,3.0,181.5
5,1,36.6883434,2.8666919,3.0,181.6
5,1,36.6883433,2.8666919,3.0,181.5
5,1,36.6883429,2.8666924,3.0,181.5
5,2,36.6883431,2.866692,3.4,181.5
5,2,36.6883421,2.8666928,3.6,181.6
5,2,36.6883412,2.8666943,3.5,181.5
5,2,36.6883424,2.8666938,3.4,181.6
5,2,36.6883424,2.8666934,3.4,181.5
5,2,36.6883424,2.8666933,3.4,181.5
5,2,36.6883431,2.8666918,3.4,181.5
5,2,36.6883435,2.8666907,3.3,181.6
5,2,36.6883427,2.8666915,3.1,181.6
5,2,36.6883427,2.8666914,3.2,181.6
5,2,36.6883425,2.8666915,3.1,181.5
5,2,36.6883424,2.8666915,3.1,181.6
5,2,36.688342,2.8666924,3.0,181.6
5,2,36.6883414,2.8666932,3.0,181.6
5,2,36.6883408,2.8666942,3.0,181.5
5,2,36.6883409,2.8666945,3.0,181.6
5,2,36.688341,2.8666941,3.0,181.5
5,2,36.688341,2.866694,3.0,181.6
5,2,36.6883411,2.8666937,3.0,181.5
5,2,36.6883417,2.8666932,3.0,181.5
5,2,36.6883423,2.8666931,3.7,181.5
5,2,36.688342,2.8666929,3.6,181.6
5,2,36.6883422,2.8666927,3.5,181.5
5,2,36.6883423,2.8666929,3.4,181.5
5,2,36.688342,2.8666938,3.4,181.5
5,2,36.6883411,2.8666951,3.3,181.6
5,2,36.6883413,2.8666945,3.3,181.5
5,2,36.6883419,2.8666934,3.2,181.5
5,2,36.6883422,2.8666932,3.2,181.5
5,2,36.6883422,2.8666931,3.2,181.5
5,2,36.6883427,2.8666923,3.1,181.6
5,2,36.6883424,2.8666926,3.1,181.5
5,2,36.6883416,2.8666918,3.5,181.5
5,3,36.6883416,2.8666919,3.9,181.5
5,3,36.6883425,2.8666908,3.7,181.5
5,3,36.6883425,2.8666905,3.5,181.5
5,3,36.6883433,2.8666898,3.5,181.6
5,3,36.6883427,2.8666905,3.3,181.5
5,3,36.688343,2.8666895,3.3,181.6
5,3,36.688343,2.8666894,3.3,181.5
5,3,36.6883434,2.8666894,3.3,181.5
5,3,36.6883432,2.8666894,3.3,181.5
5,3,36.6883428,2.8666897,3.2,181.5
5,3,36.6883432,2.8666897,3.1,181.6
5,3,36.6883433,2.8666895,3.1,181.5
5,3,36.6883426,2.8666906,3.0,181.5
5,3,36.6883429,2.8666899,3.0,181.6
5,3,36.6883428,2.86669,3.0,181.5
5,3,36.6883427,2.86669,3.0,181.5
5,3,36.6883429,2.8666902,3.0,181.5
5,3,36.6883435,2.8666898,3.0,181.5
5,3,36.688344,2.8666893,3.0,181.5
5,3,36.6883438,2.8666891,3.0,181.5
5,3,36.6883431,2.8666898,3.7,181.5
5,3,36.6883443,2.8666888,4.4,181.5
5,3,36.6883445,2.8666881,4.2,181.5
5,3,36.6883434,2.866689,4.1,181.5
5,3,36.6883441,2.8666884,3.9,181.5
5,3,36.6883444,2.8666879,3.9,181.5
5,3,36.6883436,2.8666891,3.8,181.5
5,3,36.6883425,2.8666898,3.6,181.6
5,3,36.6883426,2.8666893,3.6,181.6
5,3,36.6883427,2.8666893,3.6,181.5
5,3,36.6883435,2.8666882,3.5,181.6
5,3,36.6883429,2.8666889,3.4,181.5
5,3,36.6883429,2.8666889,3.4,181.6
5,3,36.688343,2.8666883,3.4,181.5
5,3,36.6883429,2.8666891,3.3,181.5
6,1,36.6883418,2.8664534,14.2,181.5
6,1,36.6883409,2.866458,23.7,181.5
6,1,36.6883405,2.866452,9.4,181.5
6,1,36.6883408,2.8664511,7.1,181.5
6,1,36.688343,2.8664534,6.1,181.1
6,1,36.688343,2.8664545,5.1,181.1
6,1,36.6883425,2.8664549,4.7,181.1
6,1,36.688344,2.8664556,4.8,181.1
6,1,36.688344,2.8664549,5.5,181.5
6,1,36.6883429,2.8664547,5.3,181.1
6,1,36.6883437,2.8664553,5.0,181.5
6,1,36.6883429,2.8664536,4.7,180.9
6,1,36.6883434,2.8664544,5.0,180.9
6,1,36.6883435,2.8664545,5.3,181.5
6,1,36.6883433,2.8664544,5.1,181.1
6,1,36.6883435,2.8664538,4.9,180.9
6,1,36.6883438,2.8664544,5.2,180.9
6,1,36.6883439,2.8664545,5.5,181.1
6,1,36.6883446,2.8664563,5.2,180.9
6,1,36.6883444,2.8664567,4.9,181.1
6,1,36.6883453,2.8664571,4.7,180.9
6,1,36.6883453,2.8664568,4.5,181.1
6,1,36.6883454,2.8664558,4.3,181.1
6,1,36.6883453,2.8664558,4.2,181.1
6,1,36.6883468,2.8664571,4.0,181.5
6,1,36.6883474,2.8664579,3.9,181.1
6,1,36.6883474,2.8664582,3.7,181.1
6,1,36.6883474,2.8664585,3.7,181.1
6,1,36.6883468,2.8664588,3.6,181.1
6,1,36.6883467,2.8664591,3.5,181.5
6,1,36.6883464,2.866459,3.4,180.9
6,1,36.6883457,2.8664591,3.4,180.9
6,1,36.688345,2.8664588,3.3,180.9
6,1,36.6883452,2.8664592,3.3,181.1
6,1,36.6883464,2.8664605,3.2,180.9
6,1,36.6883459,2.8664596,3.5,180.9
6,1,36.688346,2.8664584,4.4,180.9
6,1,36.6883459,2.8664585,5.5,180.9
6,1,36.6883457,2.8664582,6.2,180.9
6,1,36.6883447,2.8664574,7.4,181.1
6,1,36.6883445,2.8664568,7.6,181.1
6,1,36.6883429,2.8664542,8.6,181.1
6,1,36.6883434,2.8664507,8.4,181.1
6,1,36.6883484,2.866447,8.2,181.1
6,1,36.6883491,2.8664467,8.2,181.1
6,1,36.6883523,2.866445,8.2,181.1
6,1,36.6883535,2.8664434,8.1,181.1
6,1,36.6883512,2.8664404,7.7,181.1
6,1,36.6883482,2.8664475,7.0,181.1
6,1,36.6883467,2.8664484,6.7,181.1
6,2,36.6883463,2.8664437,7.1,181.1
6,2,36.688345,2.8664417,7.5,181.1
6,2,36.6883444,2.8664409,7.9,180.9
6,2,36.6883444,2.8664474,7.9,180.9
6,2,36.688345,2.8664483,7.4,181.5
6,2,36.6883459,2.8664521,7.2,181.5
6,2,36.6883453,2.8664489,6.4,181.5
6,2,36.6883436,2.8664474,6.4,181.5
6,2,36.6883428,2.8664461,6.8,181.1
6,2,36.6883436,2.8664466,6.7,181.1
6,2,36.6883443,2.866447,6.8,181.1
6,2,36.6883441,2.8664542,6.4,180.9
6,2,36.6883439,2.8664546,6.2,180.9
6,2,36.6883451,2.8664533,6.2,180.9
6,2,36.6883453,2.866452,6.3,181.5
6,2,36.6883464,2.8664517,6.2,181.5
6,2,36.6883469,2.8664515,6.2,181.5
6,2,36.6883492,2.8664518,6.3,181.1
6,2,36.6883491,2.8664544,6.4,181.1
6,2,36.6883479,2.8664561,6.5,181.1
6,2,36.6883516,2.8664592,6.4,181.5
6,2,36.6883527,2.866459,6.4,181.5
6,2,36.6883537,2.8664608,6.5,181.5
6,2,36.688355,2.8664611,6.7,181.5
6,2,36.6883565,2.8664625,6.7,181.5
6,2,36.6883593,2.8664673,6.6,181.5
6,2,36.6883581,2.8664645,6.4,180.9
6,2,36.6883543,2.8664647,6.2,180.9
6,2,36.6883539,2.8664669,6.1,180.9
6,2,36.6883545,2.8664679,5.9,180.9
6,2,36.6883592,2.8664701,6.1,181.5
6,2,36.68836,2.8664706,6.1,181.5
6,2,36.6883588,2.8664715,6.2,181.5
6,2,36.6883577,2.8664715,6.3,181.5
6,2,36.6883564,2.8664715,6.9,181.1
6,2,36.6883571,2.8664685,6.4,181.5
6,2,36.6883531,2.866467,6.3,181.5
6,2,36.6883527,2.8664678,6.2,181.5
6,2,36.6883515,2.866467,6.2,180.9
6,2,36.688351,2.8664664,6.3,180.9
6,2,36.6883482,2.8664609,7.0,181.1
6,2,36.6883465,2.8664606,7.0,181.1
6,2,36.688347,2.8664606,7.1,181.1
6,2,36.6883483,2.86646,7.4,181.1
6,2,36.6883484,2.8664609,7.4,181.1
6,2,36.6883475,2.8664616,7.5,181.1
6,2,36.6883461,2.8664624,7.3,181.1
6,2,36.688344,2.8664617,7.3,181.1
6,2,36.6883432,2.8664613,7.3,181.1
6,2,36.6883451,2.8664614,7.5,181.1
6,2,36.6883453,2.8664618,7.6,181.1
6,2,36.6883442,2.8664602,7.9,181.1
6,2,36.6883441,2.8664593,8.0,181.1
6,2,36.6883443,2.8664601,8.0,181.1
6,2,36.6883454,2.8664603,7.9,181.1
6,2,36.6883462,2.866461,7.9,181.1
6,2,36.6883446,2.8664595,7.7,181.1
6,2,36.6883432,2.8664585,7.4,181.1
6,2,36.6883513,2.8664633,10.8,181.1
6,2,36.6883543,2.8664686,13.3,180.9
6,2,36.6883538,2.8664684,20.0,181.1
6,2,36.688346,2.8664711,14.9,181.1
6,2,36.6883381,2.8664655,13.8,180.9
6,2,36.6883514,2.8664634,14.6,181.1
6,2,36.688363,2.866478,12.8,181.5
6,2,36.6883371,2.8664638,13.4,180.9
6,2,36.6883479,2.8664596,14.1,181.1
6,2,36.6883368,2.8664651,13.3,180.9
6,2,36.6883431,2.866464,12.7,181.1
6,3,36.6883363,2.8664615,13.4,180.9
6,3,36.6883438,2.8664654,13.7,181.1
6,3,36.6883606,2.8664789,12.9,181.5
6,3,36.6883405,2.8664615,13.2,181.1
6,3,36.6883452,2.8664683,14.3,181.1
6,3,36.6883497,2.8664685,13.7,180.9
6,3,36.6883503,2.8664658,14.0,180.9
6,3,36.6883507,2.8664666,12.8,180.9
6,3,36.6883636,2.8664747,14.6,181.5
6,3,36.6883494,2.8664648,13.3,180.9
6,3,36.6883376,2.8664591,13.3,180.9
6,3,36.6883433,2.866475,15.7,181.1
6,3,36.688346,2.8664701,12.3,180.9
6,3,36.688346,2.8664655,14.3,181.1
6,3,36.688336,2.8664625,14.2,180.9
6,3,36.6883642,2.8664752,13.4,181.5
6,3,36.6883555,2.866466,20.0,181.1
6,3,36.6883534,2.8664628,14.5,181.1
6,3,36.6883642,2.866474,14.5,181.5
6,3,36.6883453,2.8664606,12.9,181.1
6,3,36.6883577,2.8664615,20.0,181.1
6,3,36.6883447,2.8664698,14.3,181.1
6,3,36.6883489,2.8664638,13.1,180.9
6,3,36.6883606,2.8664786,13.9,180.9
6,3,36.6883323,2.86647,12.8,180.9
6,3,36.6883509,2.8664638,13.3,180.9
6,3,36.6883635,2.8664745,14.2,181.1
6,3,36.6883621,2.8664765,14.6,181.5
6,3,36.6883411,2.86646,12.8,181.1
6,3,36.6883618,2.8664717,14.3,181.1
6,3,36.688366,2.8664821,12.2,181.5
6,3,36.6883539,2.8664638,13.7,181.1
6,3,36.6883611,2.8664703,13.7,181.1
6,3,36.688345,2.8664602,12.9,181.1
6,3,36.6883408,2.8664635,20.0,180.9
6,3,36.6883405,2.8664647,12.7,181.1
6,3,36.6883588,2.8664696,13.3,181.5
6,3,36.6883455,2.866466,12.9,181.1
6,3,36.6883353,2.8664628,12.8,180.9
6,3,36.6883576,2.8664612,20.0,181.1
6,3,36.6883604,2.8664731,14.4,181.5
6,3,36.6883446,2.8664688,20.0,180.9
7,1,36.6883006,2.8661833,7.9,181.5
7,1,36.6882998,2.8661795,8.8,181.3
7,1,36.6883013,2.8661773,8.4,181.3
7,1,36.688301,2.8661765,8.1,181.3
7,1,36.6883069,2.8661848,8.0,181.3
7,1,36.6883096,2.8661876,7.9,181.3
7,1,36.6883099,2.8661882,7.8,181.3
7,1,36.6883099,2.8661885,7.7,181.3
7,1,36.6883104,2.8661885,7.9,181.3
7,1,36.6883029,2.866179,8.1,181.3
7,1,36.6883015,2.8661774,7.9,181.3
7,1,36.6882991,2.8661734,8.1,181.1
7,1,36.688298,2.8661723,8.2,181.1
7,1,36.6882975,2.8661719,8.3,181.1
7,1,36.6882959,2.8661715,8.5,181.1
7,1,36.6882948,2.86617,8.8,181.1
7,1,36.6882954,2.86617,9.0,181.5
7,1,36.6882952,2.8661695,9.1,181.5
7,1,36.688294,2.8661686,9.2,181.5
7,1,36.6882939,2.8661688,9.3,181.5
7,1,36.6882932,2.8661689,9.4,181.3
7,1,36.6882887,2.8661678,9.6,181.3
7,1,36.6882866,2.8661674,9.3,181.3
7,1,36.6882854,2.8661675,9.3,181.5
7,1,36.6882853,2.8661707,9.4,181.5
7,1,36.6882855,2.8661721,9.5,181.5
7,1,36.6882884,2.8661857,9.6,181.3
7,1,36.6882917,2.8661922,9.2,181.3
7,1,36.688292,2.8661925,9.2,181.3
7,1,36.6882924,2.8661896,8.8,181.3
7,1,36.6882916,2.8661864,8.6,181.3
7,1,36.6882912,2.8661859,8.5,181.3
7,1,36.6882905,2.8661833,8.2,181.3
7,1,36.6882883,2.8661782,8.0,181.3
7,1,36.6882872,2.8661778,7.9,181.3
7,1,36.688287,2.8661789,7.9,181.3
7,1,36.6882864,2.866183,8.0,181.3
7,1,36.6882863,2.8661852,8.4,181.3
7,1,36.6882863,2.8661854,8.8,181.3
7,1,36.688287,2.8661808,8.8,181.5
7,1,36.6882874,2.8661783,8.8,181.5
7,1,36.6882889,2.866177,9.2,181.3
7,1,36.6882942,2.8661765,9.2,181.3
7,1,36.688295,2.8661738,8.9,181.3
7,1,36.6882978,2.8661809,8.3,181.3
7,1,36.6882973,2.8661834,8.0,181.3
7,1,36.6882956,2.866179,8.0,181.3
7,1,36.688297,2.8661765,7.7,181.3
7,1,36.6882955,2.8661749,7.5,181.5
7,1,36.6882961,2.8661744,7.5,181.5
7,1,36.6882979,2.8661821,7.8,181.3
7,1,36.6882996,2.8661857,8.0,181.3
7,1,36.6883001,2.8661889,8.2,181.3
7,1,36.6882975,2.8661893,8.0,181.3
7,1,36.6882969,2.8661891,7.7,181.3
7,1,36.688297,2.8661911,7.8,181.3
7,1,36.6882982,2.8661926,7.7,181.3
7,1,36.6882967,2.8661911,7.6,181.5
7,1,36.6882939,2.8661908,7.8,181.5
7,1,36.6882956,2.8661839,8.2,181.3
7,1,36.6882966,2.8661808,8.7,181.5
7,1,36.6882937,2.8661816,8.5,181.5
7,1,36.6882923,2.8661813,8.3,181.5
7,1,36.688299,2.8661948,8.0,181.5
7,1,36.6883004,2.8661964,7.8,181.5
7,1,36.6883021,2.8662016,8.3,181.5
7,1,36.6883037,2.8662003,8.1,181.5
7,1,36.688304,2.8662002,8.2,181.5
7,1,36.6883072,2.8662006,8.7,181.3
7,1,36.6883119,2.8661998,9.1,181.3
7,1,36.6883105,2.8661977,8.9,181.3
7,1,36.6883102,2.8661966,8.9,181.3
7,1,36.6883124,2.8661935,9.5,181.3
7,1,36.6883145,2.8661907,12.4,181.3
7,1,36.688315,2.8661894,11.9,181.3
7,1,36.6883129,2.8661954,9.5,181.3
7,1,36.6883147,2.8661978,8.5,181.3
7,1,36.6883128,2.866198,8.3,181.3
7,1,36.6883075,2.866193,7.9,181.3
7,2,36.6883044,2.866198,7.4,181.3
7,2,36.6883053,2.8661992,7.4,181.3
7,2,36.6883066,2.8662007,7.4,181.3
7,2,36.6883071,2.8662012,7.6,181.5
7,2,36.6883071,2.8661996,7.8,181.5
7,2,36.6883093,2.866203,8.3,181.3
7,2,36.6883083,2.8662053,8.2,181.3
7,2,36.6883078,2.8662017,7.9,181.5
7,2,36.6883065,2.8662018,7.8,181.5
7,2,36.688307,2.8662017,7.9,181.5
7,2,36.6883037,2.8662078,8.2,181.5
7,2,36.6883026,2.8662075,8.2,181.5
7,2,36.6883027,2.8662059,8.2,181.5
7,2,36.6883036,2.8662069,8.2,181.5
7,2,36.6883036,2.8662066,8.0,181.5
7,2,36.6883034,2.8662073,8.0,181.5
7,2,36.6883022,2.8662083,8.3,181.5
7,2,36.6883048,2.8662055,8.2,181.5
7,2,36.6883046,2.8662046,7.9,181.5
7,2,36.6883043,2.8662041,8.1,181.3
7,2,36.6883051,2.8662019,8.0,181.3
7,2,36.6883045,2.8662008,7.7,181.3
7,2,36.6883016,2.8662017,8.0,181.5
7,2,36.6883002,2.8661999,8.2,181.3
7,2,36.6882959,2.866195,8.1,181.3
7,2,36.688294,2.8661949,8.1,181.3
7,2,36.6882959,2.8661991,7.6,181.3
7,2,36.6883015,2.866199,7.5,181.3
7,2,36.6883031,2.8662,7.6,181.5
7,2,36.6883027,2.8662013,7.6,181.5
7,2,36.6882999,2.8661971,7.3,181.5
7,2,36.6882997,2.866196,7.1,181.5
7,2,36.6882988,2.8661918,7.0,181.5
7,2,36.6882961,2.866191,7.2,181.3
7,2,36.6882963,2.8661944,7.5,181.3
7,2,36.688299,2.8661961,7.7,181.5
7,2,36.6882983,2.8661853,7.6,181.3
7,2,36.6882981,2.8661838,7.7,181.3
7,2,36.6882991,2.8661859,7.7,181.3
7,2,36.6883003,2.8661876,7.6,181.3
7,2,36.6883008,2.8661854,7.6,181.3
7,2,36.6883007,2.8661872,7.6,181.3
7,2,36.688301,2.8661875,7.4,181.5
7,2,36.6883017,2.8661884,7.6,181.5
7,2,36.6883042,2.8661901,7.7,181.5
7,2,36.6883051,2.8661903,7.9,181.3
7,2,36.6883061,2.8661929,8.0,181.3
7,2,36.6883082,2.8661937,8.1,181.3
7,2,36.6883092,2.8661922,8.6,181.5
7,2,36.688313,2.866192,8.9,181.5
7,2,36.6883131,2.8661902,9.5,181.5
7,2,36.6883151,2.8661968,9.3,181.5
7,2,36.6883151,2.8661974,9.3,181.5
7,2,36.6883161,2.8662056,9.0,181.5
7,2,36.6883121,2.8662078,8.2,181.5
7,2,36.6883061,2.8662026,8.0,181.5
7,2,36.6883056,2.8662041,7.7,181.5
7,2,36.6883083,2.866207,7.5,181.5
7,2,36.6883097,2.8662073,7.6,181.5
7,2,36.6883104,2.866207,7.6,181.5
7,2,36.6883146,2.8662059,8.0,181.3
7,2,36.6883165,2.8662045,8.1,181.3
7,2,36.6883141,2.8662021,7.9,181.3
7,2,36.688309,2.8662018,7.7,181.5
7,2,36.6883077,2.8662013,7.6,181.5
7,2,36.688305,2.8662008,7.5,181.5
7,2,36.688305,2.8662002,7.7,181.3
7,2,36.6883033,2.8662016,8.2,181.3
7,2,36.6883032,2.8662014,8.4,181.3
7,2,36.6883032,2.8662007,8.5,181.5
7,2,36.6882999,2.8661959,8.8,181.5
7,2,36.6882994,2.8661933,9.0,181.5
7,2,36.6883051,2.8661958,8.4,181.3
7,2,36.6883023,2.8661916,7.5,181.3
7,2,36.6883032,2.8661926,7.4,181.3
7,2,36.6883033,2.8661926,7.4,181.3
7,2,36.6883049,2.8661957,7.4,181.3
7,2,36.6883054,2.8661941,7.3,181.5
7,2,36.6883048,2.8661902,7.4,181.5
7,2,36.6883025,2.8661894,7.5,181.3
7,2,36.6883017,2.8661911,7.6,181.3
7,2,36.6883002,2.8661976,8.1,181.3
7,3,36.6883,2.8662018,8.0,181.3
7,3,36.6882993,2.8662019,7.9,181.3
7,3,36.6882975,2.8662018,7.8,181.3
7,3,36.6882959,2.8661989,7.8,181.3
7,3,36.688298,2.8661972,7.9,181.3
7,3,36.6882994,2.8661948,7.9,181.3
7,3,36.6882995,2.8661947,7.9,181.3
7,3,36.6882995,2.8661934,7.9,181.5
7,3,36.6882986,2.8661931,8.0,181.5
7,3,36.6882993,2.8661964,7.9,181.5
7,3,36.6882998,2.8661985,8.0,181.3
7,3,36.6882976,2.8662029,8.1,181.3
7,3,36.6882966,2.8662043,8.5,181.3
7,3,36.6882975,2.8662077,8.4,181.3
7,3,36.6882986,2.866208,8.3,181.3
7,3,36.6882994,2.8662086,8.0,181.3
7,3,36.6883002,2.8662091,7.9,181.3
7,3,36.6883001,2.8662102,8.0,181.3
7,3,36.6883011,2.8662116,8.1,181.3
7,3,36.6883012,2.8662115,8.1,181.5
7,3,36.688301,2.866211,8.1,181.5
7,3,36.6882986,2.8662107,7.6,181.3
7,3,36.6882984,2.8662111,7.4,181.3
7,3,36.6882983,2.8662133,7.4,181.3
7,3,36.6882993,2.8662155,7.4,181.3
7,3,36.6883007,2.866215,7.5,181.3
7,3,36.6883008,2.8662158,7.4,181.3
7,3,36.6883024,2.8662202,7.4,181.3
7,3,36.688303,2.8662225,7.4,181.3
7,3,36.6883023,2.8662238,7.3,181.3
7,3,36.6883005,2.8662251,7.6,181.5
7,3,36.6882975,2.866225,7.6,181.5
7,3,36.6882912,2.8662202,7.6,181.5
7,3,36.6882954,2.8662154,7.5,181.3
7,3,36.6882939,2.8662081,7.7,181.3
7,3,36.6882944,2.8662069,8.2,181.3
7,3,36.6882937,2.8662055,8.1,181.3
7,3,36.6882928,2.8662042,8.2,181.3
7,3,36.6882911,2.8662006,8.4,181.3
7,3,36.68829,2.8662009,8.4,181.5
7,3,36.6882885,2.866194,8.7,181.5
7,3,36.6882884,2.8661925,9.0,181.3
7,3,36.6882922,2.8661912,8.8,181.3
7,3,36.6882946,2.8661886,8.8,181.3
7,3,36.6882941,2.8661887,8.9,181.3
7,3,36.6882939,2.8661865,8.7,181.3
7,3,36.6882937,2.8661803,8.3,181.3
7,3,36.6882973,2.8661805,8.3,181.3
7,3,36.6882997,2.8661789,8.2,181.3
7,3,36.6883013,2.8661795,8.3,181.3
7,3,36.6882989,2.8661834,8.4,181.3
7,3,36.6882981,2.8661869,8.8,181.5
7,3,36.6882974,2.8661897,9.2,181.5
7,3,36.6882974,2.866191,9.5,181.5
7,3,36.6882976,2.8661909,9.5,181.3
7,3,36.6882935,2.8662025,9.4,181.3
7,3,36.6882899,2.8662128,8.9,181.3
7,3,36.6882891,2.8662183,8.9,181.3
7,3,36.6882897,2.8662192,8.8,181.3
7,3,36.6882917,2.8662179,8.9,181.3
7,3,36.6882955,2.8662156,8.4,181.3
7,3,36.6882957,2.8662166,8.2,181.3
7,3,36.6882944,2.866219,8.1,181.3
7,3,36.6882933,2.8662201,8.1,181.3
7,3,36.6882929,2.866219,8.3,181.3
7,3,36.6882916,2.8662205,8.4,181.3
7,3,36.6882921,2.8662191,8.3,181.3
7,3,36.6882926,2.8662194,8.3,181.3
7,3,36.688293,2.8662213,8.3,181.3
7,3,36.6882936,2.866223,8.4,181.3
7,3,36.6882951,2.8662254,8.6,181.3
7,3,36.6882957,2.8662162,9.3,181.5
7,3,36.6882942,2.8662111,9.2,181.5
7,3,36.6882901,2.8661993,8.5,181.3
7,3,36.6882858,2.8661954,8.4,181.3
7,3,36.6882867,2.8661966,8.4,181.3
7,3,36.6882883,2.8662009,8.4,181.3
7,3,36.6882913,2.8662013,8.3,181.3
7,3,36.6882929,2.8661992,7.9,181.3
7,3,36.6882956,2.8661946,8.0,181.3
7,3,36.6882975,2.8661961,7.8,181.3
7,3,36.688304,2.8661958,7.7,181.3
7,3,36.6883055,2.8661959,7.9,181.3
7,3,36.6883085,2.8661912,7.8,181.3
7,3,36.6883088,2.8661912,7.9,181.5
7,3,36.6883116,2.8661893,8.0,181.5
7,3,36.6883117,2.8661882,8.0,181.3
7,3,36.6883128,2.866192,8.3,181.3
7,3,36.6883124,2.8661911,8.4,181.5
7,3,36.6883116,2.8661896,8.4,181.5
7,3,36.688312,2.866186,8.5,181.5
7,3,36.6883127,2.8661849,8.5,181.5
7,3,36.6883165,2.8661911,8.8,181.3
7,3,36.6883196,2.8661921,8.9,181.3
8,1,36.6883377,2.8661514,5.9,176.4
8,1,36.6883376,2.8661527,5.9,176.4
8,1,36.6883373,2.8661524,5.9,176.4
8,1,36.6883369,2.8661522,6.0,176.4
8,1,36.6883349,2.8661507,6.1,181.5
8,1,36.6883347,2.8661504,6.1,181.5
8,1,36.6883345,2.8661503,6.3,176.8
8,1,36.6883331,2.866152,6.1,176.8
8,1,36.6883328,2.8661523,6.1,176.8
8,1,36.6883327,2.8661524,6.0,176.8
8,1,36.6883335,2.8661546,5.6,176.4
8,1,36.6883338,2.866155,5.6,176.4
8,1,36.6883337,2.8661553,5.4,176.4
8,1,36.6883338,2.866156,5.7,176.4
8,1,36.6883326,2.8661556,5.9,176.4
8,1,36.6883323,2.8661533,6.2,176.4
8,1,36.6883328,2.8661547,6.3,176.4
8,1,36.6883347,2.8661538,6.4,176.4
8,1,36.6883325,2.8661541,7.0,176.4
8,1,36.6883293,2.8661525,7.3,176.4
8,1,36.6883286,2.8661483,7.3,176.8
8,1,36.6883279,2.8661454,7.1,176.8
8,1,36.6883256,2.8661452,7.0,176.4
8,1,36.6883255,2.866147,7.2,176.4
8,1,36.6883266,2.8661491,7.4,181.3
8,1,36.6883278,2.8661498,7.7,181.3
8,1,36.6883261,2.8661517,8.0,181.3
8,1,36.6883256,2.8661516,8.1,181.3
8,1,36.6883254,2.8661528,8.2,181.3
8,1,36.6883239,2.8661555,72.9,176.4
8,1,36.6883197,2.8661402,28.2,176.8
8,1,36.6883186,2.8661401,28.5,176.8
8,1,36.6883177,2.8661346,28.5,176.8
8,1,36.6883191,2.8661243,27.9,176.8
8,1,36.6883288,2.8661118,14.1,176.8
8,1,36.6883289,2.8661106,14.2,176.8
8,1,36.6883263,2.8661095,14.2,176.8
8,1,36.6883265,2.8661092,14.3,176.8
8,1,36.6883259,2.8661078,14.4,176.8
8,1,36.6883295,2.866107,13.9,176.4
8,1,36.688329,2.8661084,13.3,176.8
8,1,36.6883287,2.8661116,13.0,176.8
8,1,36.6883285,2.8661175,9.8,176.8
8,1,36.6883268,2.8661144,9.9,176.4
8,1,36.6883269,2.8661137,10.0,176.4
8,1,36.6883274,2.8661125,10.0,181.3
8,1,36.6883244,2.8661233,9.7,181.3
8,1,36.6883212,2.8661279,9.2,176.8
8,1,36.6883213,2.8661315,9.7,176.8
8,1,36.6883213,2.8661348,9.5,176.8
8,1,36.6883204,2.866136,9.4,176.8
8,1,36.6883204,2.8661374,9.4,181.5
8,1,36.688317,2.866138,9.4,181.5
8,1,36.6883134,2.8661354,9.4,176.5
8,1,36.6883127,2.8661331,9.4,176.5
8,1,36.688315,2.8661304,9.6,176.5
8,1,36.6883154,2.8661313,9.8,176.5
8,1,36.6883191,2.8661337,10.0,176.5
8,1,36.6883209,2.8661323,82.5,176.8
8,1,36.6883297,2.8661248,68.4,176.4
8,1,36.6883356,2.8661193,32.2,176.8
8,1,36.6883365,2.8661185,32.3,176.8
8,1,36.6883324,2.8661471,27.9,181.3
8,1,36.6883319,2.866151,23.1,181.3
8,1,36.6883299,2.8661437,17.3,176.8
8,1,36.6883311,2.8661313,14.7,176.8
8,1,36.6883315,2.8661279,12.5,176.4
8,1,36.6883311,2.8661271,12.5,176.4
8,1,36.6883345,2.8661191,12.4,176.4
8,1,36.6883361,2.8661161,12.3,176.4
8,1,36.6883351,2.8661144,12.5,176.4
8,1,36.6883367,2.8661101,12.6,176.4
8,1,36.6883374,2.8661079,12.5,176.4
8,2,36.6883359,2.8661079,12.6,176.4
8,2,36.6883365,2.8661107,12.9,176.5
8,2,36.6883372,2.8661112,12.8,176.5
8,2,36.6883358,2.866111,12.3,176.4
8,2,36.6883376,2.8661117,12.5,176.4
8,2,36.6883363,2.86611,12.8,176.4
8,2,36.6883349,2.8661077,12.7,176.4
8,2,36.688331,2.8661029,12.6,176.4
8,2,36.6883301,2.8661025,12.4,176.8
8,2,36.6883281,2.8661051,11.9,176.8
8,2,36.6883287,2.8661054,11.6,176.8
8,2,36.68833,2.8661056,11.4,176.8
8,2,36.688331,2.866105,11.6,176.8
8,2,36.6883311,2.8661049,11.7,176.8
8,2,36.6883322,2.866107,11.8,176.4
8,2,36.6883351,2.8661074,12.1,176.4
8,2,36.6883351,2.8661071,12.4,176.4
8,2,36.6883344,2.8661081,12.2,176.4
8,2,36.6883323,2.8661081,12.0,176.4
8,2,36.6883311,2.8661084,11.9,176.4
8,2,36.68833,2.8661089,11.6,181.3
8,2,36.6883306,2.8661105,11.5,181.3
8,2,36.6883302,2.8661111,11.5,181.3
8,2,36.6883294,2.8661121,11.5,181.3
8,2,36.6883289,2.8661124,11.5,176.8
8,2,36.688327,2.8661114,11.0,176.8
8,2,36.6883238,2.8661119,10.7,176.8
8,2,36.6883164,2.8661143,10.0,181.1
8,2,36.6883135,2.8661129,9.8,181.1
8,2,36.6883159,2.8661098,9.8,181.3
8,2,36.6883183,2.8661108,10.1,176.4
8,2,36.6883162,2.8661091,10.3,176.4
8,2,36.6883121,2.8661124,10.5,181.5
8,2,36.6883116,2.8661138,10.7,181.5
8,2,36.6883094,2.8661156,11.0,176.8
8,2,36.6883119,2.8661175,10.7,176.8
8,2,36.688314,2.866117,10.2,181.1
8,2,36.6883154,2.8661169,10.7,176.8
8,2,36.6883161,2.8661168,10.5,176.8
8,2,36.6883184,2.8661202,10.3,176.4
8,2,36.6883192,2.8661208,10.4,176.4
8,2,36.6883197,2.8661192,10.7,176.4
8,2,36.688318,2.8661173,10.8,176.4
8,2,36.688316,2.8661168,10.8,176.4
8,2,36.688315,2.866117,10.9,176.4
8,2,36.6883169,2.8661206,10.8,176.4
8,2,36.6883177,2.8661215,10.7,176.4
8,2,36.6883169,2.8661207,10.6,176.4
8,2,36.6883173,2.8661213,10.5,176.8
8,2,36.6883193,2.866125,11.1,176.8
8,2,36.6883197,2.8661263,11.1,176.8
8,2,36.6883198,2.8661264,11.2,176.8
8,2,36.6883203,2.8661292,11.5,181.3
8,2,36.6883232,2.8661381,10.1,181.3
8,2,36.6883229,2.8661388,10.2,176.4
8,2,36.688322,2.8661413,10.2,176.4
8,2,36.6883197,2.8661404,10.3,176.4
8,2,36.6883187,2.8661391,10.4,176.4
8,2,36.6883182,2.8661383,10.5,176.8
8,2,36.6883159,2.8661403,10.5,176.8
8,2,36.6883171,2.8661356,10.2,176.8
8,2,36.6883181,2.8661312,10.1,176.8
8,2,36.6883175,2.8661301,9.9,176.8
8,2,36.6883184,2.8661321,10.0,176.8
8,2,36.6883194,2.8661343,10.2,176.8
8,2,36.6883187,2.866137,77.6,176.4
8,2,36.6883361,2.8661424,41.7,176.8
8,2,36.6883335,2.8661331,77.6,176.4
8,2,36.6883365,2.8661347,53.2,176.8
8,2,36.6883412,2.8661627,16.7,176.4
8,2,36.6883413,2.8661645,16.8,176.4
8,2,36.688345,2.8661726,17.6,176.4
8,2,36.6883439,2.8661812,18.5,176.4
8,3,36.68833,2.8661669,14.8,176.8
8,3,36.6883253,2.8661567,10.4,176.8
8,3,36.6883244,2.8661546,10.5,176.8
8,3,36.6883239,2.8661516,10.4,176.8
8,3,36.6883222,2.866149,10.5,176.8
8,3,36.6883191,2.866152,10.6,181.1
8,3,36.688319,2.8661508,10.7,181.1
8,3,36.6883185,2.8661512,10.9,181.1
8,3,36.6883186,2.8661525,11.1,181.1
8,3,36.6883186,2.8661557,11.6,181.1
8,3,36.6883204,2.8661542,11.8,176.4
8,3,36.6883237,2.8661515,12.0,176.4
8,3,36.6883235,2.8661503,12.3,176.4
8,3,36.6883236,2.8661505,12.3,176.4
8,3,36.6883256,2.8661577,87.6,176.4
8,3,36.6883267,2.8661686,98.4,181.3
8,3,36.6883299,2.8662014,38.2,181.3
8,3,36.6883297,2.8662094,38.6,181.3
8,3,36.6883316,2.8662119,38.1,181.3
8,3,36.6883305,2.8662026,31.7,181.3
8,3,36.6883272,2.8662032,16.3,181.3
8,3,36.6883263,2.8662045,16.3,181.3
8,3,36.6883256,2.8662032,16.0,181.3
8,3,36.6883215,2.8661944,14.4,176.4
8,3,36.6883227,2.8661921,14.2,176.4
8,3,36.688324,2.8661909,14.2,176.8
8,3,36.6883255,2.8661889,14.3,176.8
8,3,36.6883275,2.8661881,14.4,176.8
8,3,36.6883278,2.8661881,14.6,176.8
8,3,36.6883279,2.8661881,14.7,176.8
8,3,36.6883284,2.8661873,14.8,176.8
8,3,36.688328,2.8661871,15.1,176.4
8,3,36.6883291,2.8661845,15.7,176.4
8,3,36.6883299,2.8661854,15.9,176.4
8,3,36.6883301,2.8661872,15.9,176.4
8,3,36.6883317,2.86619,15.8,176.4
8,3,36.6883341,2.8661931,15.5,181.3
8,3,36.6883337,2.8661921,15.4,181.3
8,3,36.6883343,2.866191,15.4,181.3
8,3,36.6883375,2.8661878,15.5,181.3
8,3,36.6883367,2.8661889,15.6,181.3
8,3,36.6883402,2.8661859,15.8,176.4
8,3,36.6883445,2.8661843,15.8,176.4
8,3,36.6883487,2.8661932,15.3,176.4
8,3,36.6883483,2.8661994,15.1,181.3
8,3,36.6883472,2.8662033,15.3,181.3
8,3,36.6883466,2.8662029,15.3,176.8
8,3,36.6883416,2.8662064,15.3,176.8
8,3,36.6883363,2.8662111,15.4,176.4
8,3,36.688333,2.8662082,15.6,176.4
8,3,36.6883328,2.8662073,15.7,176.4
8,3,36.6883293,2.8662035,15.7,176.4
8,3,36.6883267,2.8662045,400.0,176.4
8,3,36.688304,2.8661655,104.1,176.8
8,3,36.6883013,2.8661328,87.6,176.4
8,3,36.6882993,2.8661206,311.4,176.4
8,3,36.6882967,2.866112,110.0,176.4
8,3,36.6882949,2.8661034,334.1,176.4
8,3,36.6883114,2.8661061,92.9,176.4
8,3,36.6883191,2.8661056,122.4,176.4
8,3,36.6883213,2.866102,390.4,176.4
8,3,36.6883091,2.8661104,92.9,176.4
8,3,36.688312,2.8661352,142.5,181.1
8,3,36.6883058,2.8661285,98.4,176.4
8,3,36.688319,2.8661187,104.1,176.8
8,3,36.6883169,2.8661351,35.2,176.8
8,3,36.6883183,2.8661427,33.5,181.3
8,3,36.688321,2.8661431,34.1,176.4
8,3,36.6883178,2.8661418,33.7,176.4
8,3,36.6883167,2.8661393,32.3,176.4
8,3,36.6883167,2.8661354,31.1,181.1
8,3,36.6883156,2.8661407,26.7,181.1
8,3,36.6883141,2.8661428,17.8,181.1
8,3,36.6883111,2.8661446,18.1,181.1
8,3,36.6883137,2.866149,20.4,176.8
8,3,36.6883165,2.8661499,41.6,176.8
